B Minor Waltz,billevans.pdf,2,2
Bill's Belle,billevans.pdf,3,3
Bill's Hit Tune,billevans.pdf,4,5
Blue In Green,billevans.pdf,6,6
C Minor Blues Chase,billevans.pdf,7,7
Carnival,billevans.pdf,8,9
Catch The Wind,billevans.pdf,10,10
Chromatic Tune,billevans.pdf,11,11
Children's Play Song,billevans.pdf,12,13
Comrade Conrad,billevans.pdf,14,14
Displacement,billevans.pdf,15,15
Epilogue,billevans.pdf,16,16
Five (vocal),billevans.pdf,17,17
Five,billevans.pdf,18,19
In April,billevans.pdf,20,21
For Nenette,billevans.pdf,22,22
Fudgesicle Built For Four,billevans.pdf,23,25
Fun Ride,billevans.pdf,26,27
Funkallero,billevans.pdf,28,28
Funny Man,billevans.pdf,29,29
G Waltz,billevans.pdf,30,31
Interplay,billevans.pdf,32,32
It's Love - It's Christmas,billevans.pdf,33,33
Knit for Mary F.,billevans.pdf,34,35
Laurie (The Dream) (vocal),billevans.pdf,36,37
Laurie,billevans.pdf,38,38
Letter To Evan,billevans.pdf,39,39
Loose Bloose,billevans.pdf,40,41
Maxine,billevans.pdf,42,43
My Bells (vocal),billevans.pdf,44,44
My Bells,billevens.pdf,45,45
N.Y.C.'s No Lark,billevans.pdf,46,46
One For Helen,billevans.pdf,47,47
Only Child (vocal),billevans.pdf,48,48
Only Child,billevans.pdf,49,49
Opener (The),billevans.pdf,50,50
Orbit (Unless It's You),billevans.pdf,51,51
Peace Piece,billevans.pdf,52,52
Peri's Scope,billevans.pdf,53,53
Prologue,billevans.pdf,54,55
Quiet Now,billevans.pdf,56,58
Re Person I Knew,billevans.pdf,60,60
Remembering The Rain,billevans.pdf,61,61
Show-Type Tune,billevans.pdf,62,63
Simple Matter Of Conviction (A),billevans.pdf,64,64
Song For Helen,billevans.pdf,65,65
Since We Met,billevans.pdf,66,67
Story Line,billevans.pdf,68,69
Theme (What You Gave),billevans.pdf,70,70
Then Came You,billevans.pdf,71,71
These Things Called Changes,billevans.pdf,72,72
34 Skidoo,billevans.pdf,73,73
Tiffany,billevans.pdf,74,75
Time Remembered (vocal),billevans.pdf,76,76
Time Remembered (vocal),billevans.pdf,77,77
Turn Out The Stars (vocal),billevans.pdf,78,79
Turn Out The Stars,billevans.pdf,80,81
Twelve Tone Tune (T.T.T.),billevans.pdf,81,81
Twelve Tone Tune Two (T.T.T.T.),billevans,82,83
Two Lonely People (The) (vocal),billevans.pdf,84,85
Two Lonely People (The),billevans.pdf,86,87
Very Early (vocal),billevans.pdf,88,88
Very Early,billevans.pdf,89,89
Walkin' Up,billevans.pdf,90,90
Waltz For Debby,billevans.pdf,91,93
Waltz For Debby (vocal),billevans.pdf,94,95
Waltz In Eb,billevans.pdf,96,96
We Will Meet Again,billevans.pdf,97,97
Yet Ne'er Broken,billevans.pdf,98,99
Your Story,billevans.pdf,100,101
