Affirmation,newrbk1C.pdf,1,1
Airegin,newrbk1C.pdf,2,2
All Of Me,newrbk1C.pdf,3,3
All Or Nothing At All,newrbk1C.pdf,429,430
All The Things You Are,newrbk1C.pdf,4,4
Always There (Laws & Jeffrey),newrbk1C.pdf,5,6
Ana Maria,newrbk1C.pdf,7,8
Angel Eyes,newrbk1C.pdf,9,10
Anthropology,newrbk1C.pdf,11,11
Autumn Leaves (Les Feuilles Mortes),newrbk1C.pdf,12,12
Baby I Love You,newrbk1C.pdf,13,14
Basin Street Blues,newrbk1C.pdf,15,15
Beautiful Love,newrbk1C.pdf,16,16
Bernie's Tune,newrbk1C.pdf,17,17
Bird Food (Coleman),newrbk1C.pdf,18,18
Black Ice,newrbk1C.pdf,19,20
Black Narcissus,newrbk1C.pdf,21,21
Blame It On My Youth,newrbk1C.pdf,22,22
Blizzard Of Lies,newrbk1C.pdf,23,24
Blue Bossa,newrbk1C.pdf,25,25
Blue Daniel,newrbk1C.pdf,26,26
Blues Connotation (Coleman),newrbk1C.pdf,27,27
Blues On The Corner,newrbk1C.pdf,28,28
Boogie Down,newrbk1C.pdf,29,33
Both Sides Of The Coin,newrbk1C.pdf,35,36
Bouncin' With Bud,newrbk1C.pdf,37,38
Breakfast Wine,newrbk1C.pdf,39,40
Breakin' Away,newrbk1C.pdf,41,43
But Beautiful,newrbk1C.pdf,44,44
Chain Of Fools,newrbk1C.pdf,45,46
Change Of Mind (Mintzer),newrbk1C.pdf,47,48
Chega De Saudade (No More Blues),newrbk1C.pdf,49,50
Chelsea Bridge,newrbk1C.pdf,51,51
Come Sunday,newrbk1C.pdf,52,52
Compared To What,newrbk1C.pdf,53,54
Creek (Brasil),newrbk1C.pdf,56,56
Crystal Love (Ozone),newrbk1C.pdf,57,58
Cubano Chant,newrbk1C.pdf,59,60
Darn That Dream,newrbk1C.pdf,61,61
Dearly Beloved,newrbk1C.pdf,62,62
Delevans,newrbk1C.pdf,63,64
Desafinado,newrbk1C.pdf,65,66
Desire,newrbk1C.pdf,67,68
Dig,newrbk1C.pdf,70,70
Dindi,newrbk1C.pdf,71,72
Do Nothing 'Til You Hear From Me,newrbk1C.pdf,431,431
Don't Get Around Much Anymore,newrbk1C.pdf,432,432
Don't Go To Strangers,newrbk1C.pdf,74,74
Doors (Nock),newrbk1C.pdf,75,75
E.S.P.,newrbk1C.pdf,90,90
Early Autumn,newrbk1C.pdf,76,76
Easy,newrbk1C.pdf,77,78
Eighty One,newrbk1C.pdf,79,80
Elm (Beirach),newrbk1C.pdf,81,82
Endangered Species (Shorter),newrbk1C.pdf,83,88
Everything Happens To Me,newrbk1C.pdf,91,92
Fall,newrbk1C.pdf,93,93
Farmer's Market,newrbk1C.pdf,94,94
Favela,newrbk1C.pdf,95,95
Feel Like Makin' Love,newrbk1C.pdf,96,96
Fire,newrbk1C.pdf,97,97
First Light,newrbk1C.pdf,98,98
Foolkiller,newrbk1C.pdf,99,99
Footprints,newrbk1C.pdf,100,100
Four,newrbk1C.pdf,101,102
Four Brothers,newrbk1C.pdf,103,103
Four On Six,newrbk1C.pdf,104,104
Friends And Strangers,newrbk1C.pdf,105,106
Funkallero,newrbk1C.pdf,108,108
Gaviota (Fischer),newrbk1C.pdf,109,110
Gee Baby Ain't I Good To You,newrbk1C.pdf,112,112
Gemini,newrbk1C.pdf,113,117
Gloria's Step,newrbk1C.pdf,118,118
Goin' Home (Ferrante),newrbk1C.pdf,119,122
Gone With The Wind,newrbk1C.pdf,124,124
Good Morning Heartache,newrbk1C.pdf,433,433
The Goodbye Look,newrbk1C.pdf,125,128
Guaruja (Brecker),newrbk1C.pdf,129,130
Hallucinations,newrbk1C.pdf,131,132
Haunted Ballroom,newrbk1C.pdf,134,134
Havona,newrbk1C.pdf,135,136
Here's That Rainy Day,newrbk1C.pdf,138,138
Hideaway,newrbk1C.pdf,139,140
I Love Lucy,newrbk1C.pdf,142,142
I Mean You,newrbk1C.pdf,143,144
I Should Care,newrbk1C.pdf,145,145
I Thought About You,newrbk1C.pdf,146,146
If I Were A Bell,newrbk1C.pdf,147,148
If You Never Come To Me (Inutil Paisagem),newrbk1C.pdf,150,150
I'll Take Romance,newrbk1C.pdf,151,152
I'm All Smiles,newrbk1C.pdf,153,154
I'm Old Fashioned,newrbk1C.pdf,155,155
Imagination,newrbk1C.pdf,156,156
In Walked Bud,newrbk1C.pdf,158,158
Island (The),newrbk1C.pdf,159,160
It Happens Every Day,newrbk1C.pdf,161,162
Jersey Bounce,newrbk1C.pdf,164,164
Joshua,newrbk1C.pdf,165,166
Keep That Same Old Feeling,newrbk1C.pdf,167,168
Killing Me Softly With His Song,newrbk1C.pdf,170,170
La Samba (Obiedo),newrbk1C.pdf,171,172
La Vida Feliz (The Happy Life),newrbk1C.pdf,173,176
Lady Bird,newrbk1C.pdf,177,178
Last First (Peacock),newrbk1C.pdf,179,180
Last Train From Overbrook,newrbk1C.pdf,181,181
Laurie,newrbk1C.pdf,182,182
Let Me Be The One,newrbk1C.pdf,183,184
Let's Go Dancin',newrbk1C.pdf,185,186
Like Someone In Love,newrbk1C.pdf,187,187
Line For Lyons,newrbk1C.pdf,188,188
Little Sunflower,newrbk1C.pdf,189,189
Little Tear (A),newrbk1C.pdf,190,190
Little Waltz,newrbk1C.pdf,191,191
Long Ago & Far Away,newrbk1C.pdf,192,192
Love Came On Stealthy Fingers,newrbk1C.pdf,193,194
Love Dance,newrbk1C.pdf,195,196
Lush Life,newrbk1C.pdf,197,198
Madagascar,newrbk1C.pdf,199,200
Make Me A Memory (Sad Samba),newrbk1C.pdf,202,202
Matinee Idol (Ferrante),newrbk1C.pdf,203,204
Mercy Mercy Mercy,newrbk1C.pdf,205,206
The Midnight Sun,newrbk1C.pdf,207,207
The Midnight Sun Will Never Set,newrbk1C.pdf,208,208
Misty,newrbk1C.pdf,434,434
Modadji,newrbk1C.pdf,209,210
Monk's Mood,newrbk1C.pdf,212,212
Monkey's Uncle (Foreman),newrbk1C.pdf,213,217
Moonlight In Vermont,newrbk1C.pdf,218,218
Mornin',newrbk1C.pdf,219,220
Morning Dance,newrbk1C.pdf,221,222
Mr. Clean (Irvine),newrbk1C.pdf,223,224
Mr. Gone,newrbk1C.pdf,225,226
My Attorney Bernie,newrbk1C.pdf,227,228
My Romance,newrbk1C.pdf,229,229
My Shining Hour,newrbk1C.pdf,230,230
Nature Boy,newrbk1C.pdf,231,231
Nefertiti,newrbk1C.pdf,232,232
Never Givin' Up,newrbk1C.pdf,233,235
Never Make Your Move Too Soon,newrbk1C.pdf,237,238
Nigerian Marketplace,newrbk1C.pdf,239,239
Nightlake (Beirach),newrbk1C.pdf,240,240
No Me Esqueca (Recorda Me) (Henderson),newrbk1C.pdf,241,242
Not Ethiopia,newrbk1C.pdf,243,244
Nothing Personal,newrbk1C.pdf,245,246
Off Minor,newrbk1C.pdf,247,248
Oleo,newrbk1C.pdf,249,249
Once I Loved (Amor Em Paz) (Love In Peace),newrbk1C.pdf,250,250
One Family,newrbk1C.pdf,251,252
One For My Baby (And One More For The Road),newrbk1C.pdf,253,254
Out Of This World,newrbk1C.pdf,255,256
Oz (Narell),newrbk1C.pdf,257,258
Papa Lips (Mintzer),newrbk1C.pdf,259,260
Partido Alto (Bertrami),newrbk1C.pdf,261,264
Pent Up House,newrbk1C.pdf,265,266
Plaza Real,newrbk1C.pdf,267,272
Polkadots And Moonbeams,newrbk1C.pdf,273,274
Portrait Of Tracy,newrbk1C.pdf,275,276
Promenade (Zeitlin),newrbk1C.pdf,277,278
Put It Where You Want It,newrbk1C.pdf,279,280
P.Y.T. (Pretty Young Thing),newrbk1C.pdf,281,282
Quintessence,newrbk1C.pdf,283,283
Rapture (Land),newrbk1C.pdf,284,284
Re: Person I Knew,newrbk1C.pdf,286,286
Reincarnation Of A Lovebird,newrbk1C.pdf,287,288
Remember Rockefeller At Attica,newrbk1C.pdf,290,290
Rio,newrbk1C.pdf,291,292
River People,newrbk1C.pdf,294,296
Robbin's Nest,newrbk1C.pdf,297,298
Ruby My Dear,newrbk1C.pdf,299,300
Rush Hour,newrbk1C.pdf,301,302
Safari,newrbk1C.pdf,303,306
Sandu,newrbk1C.pdf,307,307
Satin Doll,newrbk1C.pdf,308,308
Save Your Love For Me,newrbk1C.pdf,309,310
Search For Peace,newrbk1C.pdf,312,312
Self Portrait In Three Colors,newrbk1C.pdf,313,314
Shaker Song,newrbk1C.pdf,315,316
Shaw 'Nuff,newrbk1C.pdf,317,318
Simple Samba,newrbk1C.pdf,319,320
Skylark,newrbk1C.pdf,321,321
Sleepin' Bee (A),newrbk1C.pdf,322,322
Small Day Tomorrow,newrbk1C.pdf,323,324
Solar,newrbk1C.pdf,325,325
Someday My Prince Will Come,newrbk1C.pdf,326,326
Song For Lorraine,newrbk1C.pdf,327,328
Song Is You (The),newrbk1C.pdf,329,330
Sonja's Sanfona (Haslip),newrbk1C.pdf,331,334
Soul Sauce (Wachi Wara),newrbk1C.pdf,335,335
Speak Low,newrbk1C.pdf,435,436
Speak No Evil,newrbk1C.pdf,336,336
Spiral,newrbk1C.pdf,337,338
St. Thomas,newrbk1C.pdf,340,340
Sticky Wicket,newrbk1C.pdf,341,344
Stormy Weather,newrbk1C.pdf,437,438
Street Life,newrbk1C.pdf,345,346
Sudden Samba,newrbk1C.pdf,348,348
Sunrunner (James),newrbk1C.pdf,349,350
Take The "A" Train,newrbk1C.pdf,351,352
Tenderly,newrbk1C.pdf,353,353
Theme For Ernie,newrbk1C.pdf,354,354
There Will Never Be Another You,newrbk1C.pdf,355,355
These Foolish Things,newrbk1C.pdf,356,356
This Masquerade,newrbk1C.pdf,358,358
The Three Marias,newrbk1C.pdf,359,365
Three Views Of A Secret,newrbk1C.pdf,367,368
Time Remembers One Time Once,newrbk1C.pdf,369,369
Triste,newrbk1C.pdf,370,370
Tune Up,newrbk1C.pdf,372,372
Turn Your Love Around,newrbk1C.pdf,373,374
Twisted,newrbk1C.pdf,375,376
Unit Seven,newrbk1C.pdf,377,378
Up Jumped Spring,newrbk1C.pdf,380,380
Up With The Lark,newrbk1C.pdf,381,382
Velas (Velas Icadas),newrbk1C.pdf,383,384
Very Early,newrbk1C.pdf,385,385
Voyage,newrbk1C.pdf,386,386
Waltz For Debby,newrbk1C.pdf,387,388
Waltz New,newrbk1C.pdf,389,389
Watch What Happens,newrbk1C.pdf,390,390
Waterwings (Grusin),newrbk1C.pdf,391,392
Wave,newrbk1C.pdf,393,394
Way You Look Tonight (The),newrbk1C.pdf,395,396
Weaver Of Dreams (A),newrbk1C.pdf,398,398
We'll Be Together Again,newrbk1C.pdf,399,399
Well You Needn't,newrbk1C.pdf,400,400
West Coast Blues,newrbk1C.pdf,401,401
What's New?,newrbk1C.pdf,402,402
Where Is Love?,newrbk1C.pdf,403,403
Who Can I Turn To?,newrbk1C.pdf,404,404
Wildflower,newrbk1C.pdf,405,405
Willow Weep For Me,newrbk1C.pdf,406,406
Witchcraft,newrbk1C.pdf,407,407
Yes And No,newrbk1C.pdf,408,408
Yesterdays,newrbk1C.pdf,409,409
Young Rabbits (Henderson),newrbk1C.pdf,410,410
Your Mind Is On Vacation,newrbk1C.pdf,411,412
