Ask Me Now,thelmnkfb.pdf,6,6
Ba-lue Bolivar Ba-lues-are,thelmnkfb.pdf,7,7
Bemsha Swing,thelmnkfb.pdf,8,8
Blue Hawk,thelmnkfb.pdf,9,9
Blue Monk,thelmnkfb.pdf,10,10
Blue Sphere,thelmnkfb.pdf,11,11
Blues Five Spot,thelmnkfb.pdf,12,12
Boo Boo's Birthday,thelmnkfb.pdf,13,13
Brake's Sake,thelmnkfb.pdf,14,14
Bright Mississippi,thelmnkfb.pdf,15,15
Brilliant Corners,thelmnkfb.pdf,16,16
Bye-Ya,thelmnkfb.pdf,17,17
Children's Song (That Old Man),thelmnkfb.pdf,18,18
Coming On The Hudson,thelmnkfb.pdf,19,19
Crepuscule With Nellie,thelmnkfb.pdf,20,21
Criss Cross,thelmnkfb.pdf,22,22
Epistrophy,thelmnkfb.pdf,23,23
Eronel,thelmnkfb.pdf,24,24
Evidence,thelmnkfb.pdf,25,25
Fifty-second Street Theme,thelmnkfb.pdf,26,26
Four In One,thelmnkfb.pdf,27,27
Friday The 13th,thelmnkfb.pdf,28,28
Functional,thelmnkfb.pdf,29,29
Gallop's Gallop,thelmnkfb.pdf,30,31
Green Chimney's,thelmnkfb.pdf,32,32
Hackensack,thelmnkfb.pdf,33,33
Hornin' In,thelmnkfb.pdf,34,34
Humph,thelmnkfb.pdf,35,35
I Mean You,thelmnkfb.pdf,36,36
In Walked Bud,thelmnkfb.pdf,37,37
Introspection,thelmnkfb.pdf,38,38
Jackie-ing,thelmnkfb.pdf,39,39
Let's Call This,thelmnkfb.pdf,40,40
Let's Cool One,thelmnkfb.pdf,41,41
Little Rootie Tootie,thelmnkfb.pdf,42,43
Light Blue,thelmnkfb.pdf,44,44
Locomotive,thelmnkfb.pdf,45,45
A Merrier Christmas,thelmnkfb.pdf,46,46
Misterioso,thelmnkfb.pdf,47,47
Monk's Dream,thelmnkfb.pdf,48,48
Monk's Mood,thelmnkfb.pdf,49,49
Monk's Point,thelmnkfb.pdf,50,50
North Of The Sunset,thelmnkfb.pdf,51,51
Nutty,thelmnkfb.pdf,52,52
Off Minor,thelmnkfb.pdf,53,53
Oska T.,thelmnkfb.pdf,54,54
Pannonica,thelmnkfb.pdf,55,55
Played Twice,thelmnkfb.pdf,56,56
Raise Four,thelmnkfb.pdf,57,57
Reflections,thelmnkfb.pdf,58,58
Rhythm-a-ning,thelmnkfb.pdf,59,59
Round Midnight,thelmnkfb.pdf,60,60
Ruby My Dear,thelmnkfb.pdf,61,61
San Francisco Holiday (Worry Later),thelmnkfb.pdf,62,62
Shuffle Boil,thelmnkfb.pdf,63,63
Sixteen,thelmnkfb.pdf,64,64
Skippy,thelmnkfb.pdf,65,65
Something In Blue,thelmnkfb.pdf,66,66
Straight No Chaser,thelmnkfb.pdf,67,67
Stuffy Turkey,thelmnkfb.pdf,68,68
Teo,thelmnkfb.pdf,69,69
Thelonious,thelmnkfb.pdf,70,70
Think Of One,thelmnkfb.pdf,71,71
Trinkle-Tinkle,thelmnkfb.pdf,72,72
Two Timer,thelmnkfb.pdf,73,73
Ugly Beauty,thelmnkfb.pdf,74,74
We See (Manganese),thelmnkfb.pdf,75,75
Well You Needn't,thelmnkfb.pdf,76,76
Who Knows,thelmnkfb.pdf,77,77
Work,thelmnkfb.pdf,78,79
